{
	"format_version": "1.8.0",
	"animations": {
		"backwards_in_water": {
			"loop": true,
			"animation_length": 1.29167,
			"bones": {
				"torso": {
					"rotation": {
						"vector": [-5, 0, 0]
					},
					"position": {
						"vector": [0, 0, 0]
					}
				},
				"rightArm": {
					"rotation": {
						"0.0": {
							"vector": [-79.53836, 80.78971, 6.23461]
						},
						"0.2917": {
							"vector": [-87.0018, -14.35911, 0.41098]
						},
						"0.5417": {
							"vector": [-34.97533, -22.17276, 5.42722]
						},
						"0.9583": {
							"vector": [-2.7854, -2.18204, 21.61655]
						},
						"1.2917": {
							"vector": [-79.53836, 80.78971, 6.23461]
						}
					},
					"position": {
						"vector": [0, 0, 0]
					}
				},
				"leftArm": {
					"rotation": {
						"0.0": {
							"vector": [-32.75722, -73.86515, -52.08151]
						},
						"0.2917": {
							"vector": [-89.80587, 11.20771, 1.15589]
						},
						"0.5417": {
							"vector": [-28.3394, 9.19955, 4.65474]
						},
						"0.9583": {
							"vector": [-0.38328, 7.7655, -18.5421]
						},
						"1.2917": {
							"vector": [-32.75722, -73.86515, -52.08151]
						}
					},
					"position": {
						"vector": [0, 0, 0]
					}
				},
				"rightLeg": {
					"rotation": {
						"0.0": {
							"vector": [-15, 0, 0]
						},
						"0.5833": {
							"vector": [-37.5, 0, 0]
						},
						"1.2917": {
							"vector": [-15, 0, 0]
						}
					},
					"position": {
						"vector": [0, 0, -1]
					}
				},
				"leftLeg": {
					"rotation": {
						"0.0": {
							"vector": [-40, 0, 0]
						},
						"0.5833": {
							"vector": [-13.75, 0, 0]
						},
						"1.2917": {
							"vector": [-40, 0, 0]
						}
					},
					"position": {
						"vector": [0, 0, -1]
					}
				},
				"head": {
					"position": {
						"vector": [0, 0, 0]
					}
				}
			}
		}
	}
}