{
	"format_version": "1.8.0",
	"animations": {
		"horse_pickaxe": {
			"loop": true,
			"animation_length": 0.66667,
			"bones": {
				"head": {
					"position": {
						"0.0": {
							"vector": [0, -1.5, 4]
						},
						"0.125": {
							"vector": [0, -0.5, 0]
						},
						"0.25": {
							"vector": [0, -0.5, -4]
						},
						"0.4167": {
							"vector": [0, -0.5, -4]
						},
						"0.6667": {
							"vector": [0, -1.5, 4]
						}
					}
				},
				"torso": {
					"rotation": {
						"0.0": {
							"vector": [-25.34527, 14.76689, -2.66399]
						},
						"0.25": {
							"vector": [15.50409, -14.47751, -3.96713],
							"easing": "linear"
						},
						"0.4167": {
							"vector": [15.50409, -14.47751, -3.96713]
						},
						"0.6667": {
							"vector": [-25.34527, 14.76689, -2.66399]
						}
					},
					"position": {
						"0.0": {
							"vector": [0, -1, 4]
						},
						"0.25": {
							"vector": [0, 0, -4]
						},
						"0.4167": {
							"vector": [0, 0, -4]
						},
						"0.6667": {
							"vector": [0, -1, 4]
						}
					}
				},
				"rightArm": {
					"rotation": {
						"0.0": {
							"vector": [162.60739, 5.57247, -13.29107]
						},
						"0.25": {
							"vector": [352.61, 5.57, -13.29],
							"easing": "easeInCirc"
						},
						"0.4167": {
							"vector": [352.61, 5.57, -13.29],
							"easing": "linear"
						},
						"0.6667": {
							"vector": [162.60739, 5.57247, -13.29107],
							"easing": "easeInSine"
						}
					},
					"position": {
						"0.0": {
							"vector": [1, 0, 4]
						},
						"0.25": {
							"vector": [1, 0, -5]
						},
						"0.4167": {
							"vector": [1, 0, -5]
						},
						"0.6667": {
							"vector": [1, 0, 4]
						}
					}
				},
				"leftArm": {
					"rotation": {
						"0.0": {
							"vector": [-12.5, 0, -15]
						},
						"0.25": {
							"vector": [22.5, 0, -15]
						},
						"0.4167": {
							"vector": [22.5, 0, -15]
						},
						"0.6667": {
							"vector": [-12.5, 0, -15]
						}
					},
					"position": {
						"0.0": {
							"vector": [0, -1, 2]
						},
						"0.25": {
							"vector": [0, 0, -2]
						},
						"0.4167": {
							"vector": [0, 0, -2]
						},
						"0.6667": {
							"vector": [0, -1, 2]
						}
					}
				},
				"rightLeg": {
					"rotation": {
						"vector": [-77.29431, 22.47741, 1.03509]
					},
					"position": {
						"vector": [0, 0, 1]
					}
				},
				"leftLeg": {
					"rotation": {
						"vector": [-79.74194, -24.97457, -1.16524]
					},
					"position": {
						"vector": [0, 0, 1]
					}
				}
			}
		}
	}
}