{
	"format_version": "1.8.0",
	"animations": {
		"pickaxe": {
			"loop": true,
			"animation_length": 0.66667,
			"bones": {
				"head": {
					"position": {
						"0.0": {
							"vector": [0, 0.5, 2]
						},
						"0.25": {
							"vector": [0, 0.5, -2]
						},
						"0.4167": {
							"vector": [0, 0.5, -2]
						},
						"0.6667": {
							"vector": [0, 0.5, 2]
						}
					}
				},
				"torso": {
					"rotation": {
						"0.0": {
							"vector": [-10.34527, 14.76689, -2.66399]
						},
						"0.25": {
							"vector": [15.50409, -14.47751, -3.96713]
						},
						"0.4167": {
							"vector": [15.50409, -14.47751, -3.96713]
						},
						"0.6667": {
							"vector": [-10.34527, 14.76689, -2.66399]
						}
					},
					"position": {
						"0.0": {
							"vector": [0, 0, 2]
						},
						"0.25": {
							"vector": [0, 0, -2]
						},
						"0.4167": {
							"vector": [0, 0, -2]
						},
						"0.6667": {
							"vector": [0, 0, 2]
						}
					}
				},
				"rightArm": {
					"rotation": {
						"0.0": {
							"vector": [162.60739, 5.57247, -13.29107]
						},
						"0.25": {
							"vector": [352.61, 5.57, -13.29]
						},
						"0.4167": {
							"vector": [352.61, 5.57, -13.29]
						},
						"0.6667": {
							"vector": [162.60739, 5.57247, -13.29107]
						}
					},
					"position": {
						"0.0": {
							"vector": [1, 1, 2]
						},
						"0.25": {
							"vector": [1, 1, -3]
						},
						"0.4167": {
							"vector": [1, 1, -3]
						},
						"0.6667": {
							"vector": [1, 1, 2]
						}
					}
				},
				"leftArm": {
					"rotation": {
						"0.0": {
							"vector": [-12.5, 0, -15]
						},
						"0.25": {
							"vector": [22.5, 0, -15]
						},
						"0.4167": {
							"vector": [22.5, 0, -15]
						},
						"0.6667": {
							"vector": [-12.5, 0, -15]
						}
					},
					"position": {
						"0.0": {
							"vector": [0, 0, 2]
						},
						"0.25": {
							"vector": [0, 0, 0]
						},
						"0.4167": {
							"vector": [0, 0, 0]
						},
						"0.6667": {
							"vector": [0, 0, 2]
						}
					}
				},
				"rightLeg": {
					"rotation": {
						"0.0": {
							"vector": [12.5, 0, 0]
						},
						"0.125": {
							"vector": [-2.5, 0, 0]
						},
						"0.4167": {
							"vector": [-2.5, 0, 0]
						},
						"0.6667": {
							"vector": [12.5, 0, 0]
						}
					},
					"position": {
						"0.0": {
							"vector": [0, 0, 0]
						},
						"0.125": {
							"vector": [0, 2, 0]
						},
						"0.25": {
							"vector": [0, 0, -1]
						},
						"0.4167": {
							"vector": [0, 0, -1]
						},
						"0.6667": {
							"vector": [0, 0, 0]
						}
					}
				},
				"leftLeg": {
					"rotation": {
						"0.0": {
							"vector": [-10, 0, 0]
						},
						"0.25": {
							"vector": [20, 0, 0]
						},
						"0.4167": {
							"vector": [20, 0, 0]
						},
						"0.6667": {
							"vector": [-10, 0, 0]
						}
					},
					"position": {
						"0.0": {
							"vector": [0, 0, -1]
						},
						"0.6667": {
							"vector": [0, 0, -1]
						}
					}
				}
			}
		}
	}
}