{
	"format_version": "1.8.0",
	"animations": {
		"punching3": {
			"loop": true,
			"animation_length": 1,
			"bones": {
				"torso": {
					"rotation": {
						"0.0": {
							"vector": [10, -15, 0]
						},
						"0.125": {
							"vector": [10, -15, 0]
						},
						"0.25": {
							"vector": [-1.25, 0, 0]
						},
						"0.5": {
							"vector": [7.5, 15, 0]
						},
						"0.625": {
							"vector": [7.5, 15, 0]
						},
						"0.75": {
							"vector": [-1.25, 0, 0]
						},
						"1.0": {
							"vector": [10, -15, 0]
						}
					},
					"position": {
						"0.0": {
							"vector": [0, 0, 0]
						},
						"0.125": {
							"vector": [0, 0, 0]
						},
						"0.25": {
							"vector": [0, 0, 1]
						},
						"0.5": {
							"vector": [0, 0, 0]
						},
						"0.625": {
							"vector": [0, 0, 0]
						},
						"0.75": {
							"vector": [0, 0, 1]
						},
						"1.0": {
							"vector": [0, 0, 0]
						}
					}
				},
				"rightArm": {
					"rotation": {
						"0.0": {
							"vector": [-93.06488, -15.43311, 32.59381]
						},
						"0.125": {
							"vector": [-93.06488, -15.43311, 32.59381]
						},
						"0.5": {
							"vector": [-87.5257, 9.44991, 12.91802]
						},
						"0.625": {
							"vector": [-87.5257, 9.44991, 12.91802]
						},
						"1.0": {
							"vector": [-93.06488, -15.43311, 32.59381]
						}
					},
					"position": {
						"0.0": {
							"vector": [0, 0, -4]
						},
						"0.125": {
							"vector": [0, 0, -4]
						},
						"0.25": {
							"vector": [0, 0.5, 1]
						},
						"0.5": {
							"vector": [1, 1, 4]
						},
						"0.625": {
							"vector": [1, 1, 4]
						},
						"1.0": {
							"vector": [0, 0, -4]
						}
					}
				},
				"leftArm": {
					"rotation": {
						"0.0": {
							"vector": [-87.47479, -19.23048, -18.34786]
						},
						"0.125": {
							"vector": [-87.47479, -19.23048, -18.34786]
						},
						"0.5": {
							"vector": [-92.06637, 8.33692, -47.49425]
						},
						"0.625": {
							"vector": [-92.06637, 8.33692, -47.49425]
						},
						"1.0": {
							"vector": [-87.47479, -19.23048, -18.34786]
						}
					},
					"position": {
						"0.0": {
							"vector": [-1, 0, 5]
						},
						"0.125": {
							"vector": [-1, 0, 5]
						},
						"0.25": {
							"vector": [0, 0, 1.5]
						},
						"0.5": {
							"vector": [0, 0, -4]
						},
						"0.625": {
							"vector": [0, 0, -4]
						},
						"1.0": {
							"vector": [-1, 0, 5]
						}
					}
				},
				"rightLeg": {
					"rotation": {
						"0.0": {
							"vector": [-10, 0, 0]
						},
						"0.125": {
							"vector": [-10, 0, 0]
						},
						"0.5": {
							"vector": [15, 0, 0]
						},
						"0.625": {
							"vector": [15, 0, 0]
						},
						"1.0": {
							"vector": [-10, 0, 0]
						}
					},
					"position": {
						"0.0": {
							"vector": [0, 0, 0]
						},
						"0.125": {
							"vector": [0, 0, 0]
						},
						"0.5": {
							"vector": [0, 0, 2]
						},
						"0.625": {
							"vector": [0, 0, 2]
						},
						"1.0": {
							"vector": [0, 0, 0]
						}
					}
				},
				"leftLeg": {
					"rotation": {
						"0.0": {
							"vector": [25, 0, 0]
						},
						"0.125": {
							"vector": [25, 0, 0]
						},
						"0.5": {
							"vector": [-15, 0, 0]
						},
						"0.625": {
							"vector": [-15, 0, 0]
						},
						"1.0": {
							"vector": [25, 0, 0]
						}
					},
					"position": {
						"0.0": {
							"vector": [0, 0, 3]
						},
						"0.125": {
							"vector": [0, 0, 3]
						},
						"0.5": {
							"vector": [0, 0, 0]
						},
						"0.625": {
							"vector": [0, 0, 0]
						},
						"1.0": {
							"vector": [0, 0, 3]
						}
					}
				},
				"head": {
					"position": {
						"0.0": {
							"vector": [0, 0, 0]
						},
						"0.125": {
							"vector": [0, 0, 0]
						},
						"0.25": {
							"vector": [0, 0, 1]
						},
						"0.5": {
							"vector": [0, 0, 0]
						},
						"0.625": {
							"vector": [0, 0, 0]
						},
						"0.75": {
							"vector": [0, 0, 1]
						},
						"1.0": {
							"vector": [0, 0, 0]
						}
					}
				}
			}
		}
	}
}