{
	"format_version": "1.8.0",
	"animations": {
		"running": {
			"loop": true,
			"animation_length": 1.5,
			"bones": {
				"head": {
					"position": {
						"0.0": {
							"vector": [0, 1, -2]
						},
						"0.375": {
							"vector": [0, 0, -2]
						},
						"0.75": {
							"vector": [0, 1, -2]
						},
						"1.125": {
							"vector": [0, 0, -2]
						},
						"1.5": {
							"vector": [0, 1, -2]
						}
					}
				},
				"torso": {
					"rotation": {
						"0.0": {
							"vector": [10.08453, 7.3854, 1.3096]
						},
						"0.75": {
							"vector": [10.08453, -7.3854, -1.30962]
						},
						"1.5": {
							"vector": [10.08453, 7.3854, 1.3096]
						}
					},
					"position": {
						"0.0": {
							"vector": [0, 1, -2]
						},
						"0.375": {
							"vector": [0, 0, -2]
						},
						"0.75": {
							"vector": [0, 1, -2]
						},
						"1.125": {
							"vector": [0, 0, -2]
						},
						"1.5": {
							"vector": [0, 1, -2]
						}
					}
				},
				"rightArm": {
					"rotation": {
						"0.0": {
							"vector": [69.55418, -11.7351, 4.3361]
						},
						"0.75": {
							"vector": [-72.48435, -2.3842, -0.7522]
						},
						"1.5": {
							"vector": [69.55418, -11.7351, 4.3361]
						}
					},
					"position": {
						"0.0": {
							"vector": [0, 1, -2]
						},
						"0.375": {
							"vector": [0, 0, -2]
						},
						"0.75": {
							"vector": [0, 1, -2]
						},
						"1.125": {
							"vector": [0, 0, -2]
						},
						"1.5": {
							"vector": [0, 1, -2]
						}
					}
				},
				"leftArm": {
					"rotation": {
						"0.0": {
							"vector": [-72.48435, 2.38424, 0.75218]
						},
						"0.75": {
							"vector": [69.55418, 11.73507, -4.3361]
						},
						"1.5": {
							"vector": [-72.48435, 2.38424, 0.75218]
						}
					},
					"position": {
						"0.0": {
							"vector": [0, 1, -2]
						},
						"0.375": {
							"vector": [0, 0, -2]
						},
						"0.75": {
							"vector": [0, 1, -2]
						},
						"1.125": {
							"vector": [0, 0, -2]
						},
						"1.5": {
							"vector": [0, 1, -2]
						}
					}
				},
				"rightLeg": {
					"rotation": {
						"0.0": {
							"vector": [-32.5, 0, 0]
						},
						"0.5": {
							"vector": [-2.5, 0, 0]
						},
						"0.75": {
							"vector": [75, 0, 0]
						},
						"1.5": {
							"vector": [-32.5, 0, 0]
						}
					},
					"position": {
						"0.0": {
							"vector": [0, 3, -4]
						},
						"0.5": {
							"vector": [0, 0, -1]
						},
						"0.75": {
							"vector": [0, 0, 1]
						},
						"1.5": {
							"vector": [0, 3, -4]
						}
					}
				},
				"leftLeg": {
					"rotation": {
						"0.0": {
							"vector": [75, 0, 0]
						},
						"0.75": {
							"vector": [-32.5, 0, 0]
						},
						"1.25": {
							"vector": [-2.5, 0, 0]
						},
						"1.5": {
							"vector": [75, 0, 0],
							"easing": "linear"
						}
					},
					"position": {
						"0.0": {
							"vector": [0, 0, 1]
						},
						"0.75": {
							"vector": [0, 3, -4]
						},
						"1.25": {
							"vector": [0, 0, -1]
						},
						"1.5": {
							"vector": [0, 0, 1],
							"easing": "linear"
						}
					}
				}
			}
		}
	}
}