{
	"format_version": "1.8.0",
	"animations": {
		"forward_in_water": {
			"loop": true,
			"animation_length": 1.25,
			"bones": {
				"head": {
					"position": {
						"vector": [0, 0, 0]
					}
				},
				"torso": {
					"rotation": {
						"vector": [12.5, 0, 0]
					},
					"position": {
						"vector": [0, 0, 0]
					}
				},
				"rightArm": {
					"rotation": {
						"0.0": {
							"vector": [-94.88571, 20.02714, 152.519]
						},
						"0.4167": {
							"vector": [2.32551, -75.19347, 76.92699]
						},
						"0.75": {
							"vector": [-103.7897, -46.74031, 91.51313]
						},
						"1.0": {
							"vector": [-111.8377, -13.35658, 122.01607]
						},
						"1.25": {
							"vector": [-94.88571, 20.02714, 152.519]
						}
					},
					"position": {
						"0.0": {
							"vector": [-1, 0, 0]
						},
						"0.4167": {
							"vector": [-1, 0, 1]
						},
						"1.25": {
							"vector": [-1, 0, 0]
						}
					}
				},
				"leftArm": {
					"rotation": {
						"0.0": {
							"vector": [-94.4259, -20.86215, -148.00911]
						},
						"0.4167": {
							"vector": [-15.00335, 74.74501, -97.94207]
						},
						"0.75": {
							"vector": [-123.76674, 45.72475, -115.79816]
						},
						"1.0": {
							"vector": [-126.59632, 12.4313, -131.90363]
						},
						"1.25": {
							"vector": [-94.4259, -20.86215, -148.00911]
						}
					},
					"position": {
						"0.0": {
							"vector": [2, 0, 0]
						},
						"0.4167": {
							"vector": [1, 0, 1]
						},
						"1.25": {
							"vector": [2, 0, 0]
						}
					}
				},
				"rightLeg": {
					"rotation": {
						"0.0": {
							"vector": [40, 0, 0]
						},
						"0.625": {
							"vector": [17.5, 0, 0]
						},
						"1.25": {
							"vector": [40, 0, 0]
						}
					},
					"position": {
						"0.0": {
							"vector": [0, 0, 2]
						},
						"1.25": {
							"vector": [0, 0, 2]
						}
					}
				},
				"leftLeg": {
					"rotation": {
						"0.0": {
							"vector": [17.5, 0, 0]
						},
						"0.625": {
							"vector": [40, 0, 0]
						},
						"1.25": {
							"vector": [17.5, 0, 0]
						}
					},
					"position": {
						"0.0": {
							"vector": [0, 0, 2]
						},
						"1.25": {
							"vector": [0, 0, 2]
						}
					}
				}
			}
		}
	}
}