{
	"format_version": "1.8.0",
	"animations": {
		"pickaxe_sneak": {
			"loop": true,
			"animation_length": 0.6667,
			"bones": {
				"head": {
					"position": {
						"0.0": {
							"vector": [0, -4.5, 0]
						},
						"0.6667": {
							"vector": [0, -4.5, 0]
						}
					}
				},
				"torso": {
					"rotation": {
						"0.0": {
							"vector": [31.18939, 15.09492, 8.95891]
						},
						"0.25": {
							"vector": [30.38126, -8.64917, -5.03837]
						},
						"0.4167": {
							"vector": [30.38126, -8.64917, -5.03837]
						},
						"0.6667": {
							"vector": [31.18939, 15.09492, 8.95891]
						}
					},
					"position": {
						"0.0": {
							"vector": [0, -4, 0]
						},
						"0.6667": {
							"vector": [0, -4, 0]
						}
					}
				},
				"rightArm": {
					"rotation": {
						"0.0": {
							"vector": [-197.39261, 5.57247, -13.29107]
						},
						"0.25": {
							"vector": [-7.39, 5.57, -13.29],
							"easing": "easeInCirc"
						},
						"0.4167": {
							"vector": [-7.39, 5.57, -13.29],
							"easing": "linear"
						},
						"0.6667": {
							"vector": [-197.39261, 5.57247, -13.29107]
						}
					},
					"position": {
						"0.0": {
							"vector": [1, -3.5, 2]
						},
						"0.25": {
							"vector": [1, -4.5, 0]
						},
						"0.4167": {
							"vector": [1, -4.5, 0]
						},
						"0.6667": {
							"vector": [1, -3.5, 2]
						}
					}
				},
				"leftArm": {
					"rotation": {
						"0.0": {
							"vector": [11.78297, 0.63058, -11.14071]
						},
						"0.25": {
							"vector": [24.28297, 0.63058, -11.14071]
						},
						"0.4167": {
							"vector": [24.28297, 0.63058, -11.14071]
						},
						"0.6667": {
							"vector": [11.78297, 0.63058, -11.14071]
						}
					},
					"position": {
						"0.0": {
							"vector": [0, -4, 0]
						},
						"0.25": {
							"vector": [0, -4, 3]
						},
						"0.4167": {
							"vector": [0, -4, 3]
						},
						"0.6667": {
							"vector": [0, -4, 0]
						}
					}
				}
			}
		}
	}
}