{
	"format_version": "1.8.0",
	"animations": {
		"shovel": {
			"loop": true,
			"animation_length": 1.45833,
			"bones": {
				"head": {
					"position": {
						"0.0": {
							"vector": [0, 0, 0]
						},
						"0.125": {
							"vector": [0, 0, -2]
						},
						"0.375": {
							"vector": [0, 0, 2],
							"easing": "easeInSine"
						},
						"0.4167": {
							"vector": [0, 0, 2]
						},
						"0.7083": {
							"vector": [0, 0, 0]
						},
						"0.875": {
							"vector": [0, 0, -2]
						},
						"1.1667": {
							"vector": [0, 0, 2.5],
							"easing": "easeInSine"
						},
						"1.2083": {
							"vector": [0, 0, 2.5],
							"easing": "easeInSine"
						},
						"1.4583": {
							"vector": [0, 0, 0]
						}
					}
				},
				"torso": {
					"rotation": {
						"0.0": {
							"vector": [0, 12.5, 0]
						},
						"0.125": {
							"vector": [10, 12.5, 0]
						},
						"0.375": {
							"vector": [-12.5, 0, 0],
							"easing": "easeInSine"
						},
						"0.4167": {
							"vector": [-12.5, 0, 0]
						},
						"0.7083": {
							"vector": [0, 12.5, 0]
						},
						"0.875": {
							"vector": [10, 12.5, 0]
						},
						"1.1667": {
							"vector": [-12.5, 0, 0],
							"easing": "easeInSine"
						},
						"1.2083": {
							"vector": [-12.5, 0, 0],
							"easing": "easeInSine"
						},
						"1.4583": {
							"vector": [0, 12.5, 0]
						}
					},
					"position": {
						"0.0": {
							"vector": [0, 0, 0]
						},
						"0.125": {
							"vector": [0, 0, -2]
						},
						"0.375": {
							"vector": [0, 0, 2.6],
							"easing": "easeInSine"
						},
						"0.4167": {
							"vector": [0, 0, 2.6]
						},
						"0.7083": {
							"vector": [0, 0, 0]
						},
						"0.875": {
							"vector": [0, 0, -2]
						},
						"1.1667": {
							"vector": [0, 0, 2.6],
							"easing": "easeInSine"
						},
						"1.2083": {
							"vector": [0, 0, 2.6],
							"easing": "easeInSine"
						},
						"1.4583": {
							"vector": [0, 0, 0]
						}
					}
				},
				"leftArm": {
					"rotation": {
						"0.0": {
							"vector": [-48.50448, 69.7189, 0.43929]
						},
						"0.375": {
							"vector": [-116.00448, 69.7189, 0.43929],
							"easing": "easeInSine"
						},
						"0.4167": {
							"vector": [-116.00448, 69.7189, 0.43929]
						},
						"0.7083": {
							"vector": [-48.50448, 69.7189, 0.43929]
						},
						"0.875": {
							"vector": [-28.89534, 53.21217, 26.73496]
						},
						"1.1667": {
							"vector": [-87.00678, 12.41524, 15.57809],
							"easing": "easeInSine"
						},
						"1.2083": {
							"vector": [-87.00678, 12.41524, 15.57809],
							"easing": "easeInSine"
						},
						"1.4583": {
							"vector": [-48.50448, 69.7189, 0.43929]
						}
					},
					"position": {
						"0.0": {
							"vector": [0, 0, -3]
						},
						"0.125": {
							"vector": [0, 0, -4]
						},
						"0.375": {
							"vector": [-3, 0, 0],
							"easing": "easeInSine"
						},
						"0.4167": {
							"vector": [-3, 0, 0]
						},
						"0.7083": {
							"vector": [0, 0, -3]
						},
						"0.875": {
							"vector": [0, 0, -4]
						},
						"1.1667": {
							"vector": [0, 0, 3],
							"easing": "easeInSine"
						},
						"1.2083": {
							"vector": [0, 0, 3],
							"easing": "easeInSine"
						},
						"1.4583": {
							"vector": [0, 0, -3]
						}
					}
				},
				"rightArm": {
					"rotation": {
						"0.0": {
							"vector": [-39.37402, -10.51794, -6.79286]
						},
						"0.375": {
							"vector": [-136.87402, -10.51794, -6.79286],
							"easing": "easeInSine"
						},
						"0.4167": {
							"vector": [-136.87402, -10.51794, -6.79286]
						},
						"0.7083": {
							"vector": [-39.37402, -10.51794, -6.79286]
						},
						"0.875": {
							"vector": [-46.59784, -30.85465, 13.15812]
						},
						"1.1667": {
							"vector": [-157.80625, -28.12903, 71.84326],
							"easing": "easeInSine"
						},
						"1.2083": {
							"vector": [-157.80625, -28.12903, 71.84326],
							"easing": "easeInSine"
						},
						"1.4583": {
							"vector": [-39.37402, -10.51794, -6.79286]
						}
					},
					"position": {
						"0.0": {
							"vector": [0, 0, 1]
						},
						"0.125": {
							"vector": [0, 0, -1]
						},
						"0.375": {
							"vector": [0, 1, 2],
							"easing": "easeInSine"
						},
						"0.4167": {
							"vector": [0, 1, 2]
						},
						"0.7083": {
							"vector": [0, 0, 1]
						},
						"0.875": {
							"vector": [0, 0, -2.25]
						},
						"1.1667": {
							"vector": [1, 0, -1.25],
							"easing": "easeInSine"
						},
						"1.2083": {
							"vector": [1, 0, -1.25],
							"easing": "easeInSine"
						},
						"1.4583": {
							"vector": [0, 0, 1]
						}
					}
				},
				"rightItem": {
					"rotation": {
						"0.0": {
							"vector": [-90, 0, 0]
						},
						"0.375": {
							"vector": [0, 0, 0],
							"easing": "easeInSine"
						},
						"0.4167": {
							"vector": [0, 0, 0]
						},
						"0.7083": {
							"vector": [-90, 0, 0]
						},
						"1.1667": {
							"vector": [0, 0, 0],
							"easing": "easeInSine"
						},
						"1.2083": {
							"vector": [0, 0, 0],
							"easing": "easeInSine"
						},
						"1.4583": {
							"vector": [-90, 0, 0]
						}
					},
					"position": {
						"0.0": {
							"vector": [0, 3, 0]
						},
						"0.375": {
							"vector": [0, 3, 0]
						},
						"0.4167": {
							"vector": [0, 3, 0]
						},
						"0.7083": {
							"vector": [0, 3, 0]
						},
						"1.1667": {
							"vector": [0, 3, 0]
						},
						"1.2083": {
							"vector": [0, 3, 0]
						},
						"1.4583": {
							"vector": [0, 3, 0]
						}
					}
				}
			}
		}
	}
}